,base_rel_l2_u,itpc_rel_l2_u,base_div_res,itpc_div_res,base_wall_slip,itpc_wall_slip,base_wss_corr,itpc_wss_corr
Level 1 (Curved pathologies),0.1273467168211937,0.10472306981682777,0.5104388117790222,0.44506967067718506,0.14980168342590333,0.0,0.1338396668434143,0.1338396668434143
