,rel_l2_u,div_residual,wall_slip,wss_corr
Level 1 (Straight),0.0637898417810599,0.09550691805779934,0.017316408827900885,0.34514072723686695
